Workbook

Sheet TH
A2: STT | B2: Dự án | C2: Nhà thầu | D2: Tạm ứng | E2: Giá trị giải ngân | I2: Tạm ứng chưa thu hồi | J2: Tổng GT giải ngân | K2: Quyết toán năm 2026
E3: TT KLHT | F3: Thu ứng | G3: NSNN | H3: Ngoại hối | K3: NSNN | L3: NH
B4: Tổng cộng: | C4: =SUM(C5:C7) -> 0 | E4: =SUM(E5:E16) -> 1100000000 | F4: =SUM(F5:F16) -> 500000000 | G4: =SUM(G5:G16) -> 1100000000 | H4: =SUM(H5:H16) -> 0 | I4: =SUM(I5:I16) -> 0 | J4: =E4-G4 -> 0 | K4: =SUM(K5:K16) -> 1100000000 | L4: =SUM(L5:L16) -> 0 | M4: =SUM(M5:M16) -> 0
A5: 1 | B5: DA1 | C5: TA 96 | D5: ='DA1'!E4 -> 500000000 | E5: ='DA1'!F4 -> 1100000000 | F5: ='DA1'!G4 -> 500000000 | G5: ='DA1'!H4 -> 1100000000 | J5: ='DA1'!K4 -> 1100000000 | K5: ='DA1'!L4 -> 1100000000
A6: 2 | B6: DA2 | C6: B | K6: =H6 -> 0 | L6: =K6 -> 0
K7: =H7 -> 0 | L7: =K7 -> 0
K8: =H8 -> 0 | L8: =K8 -> 0
K9: =H9 -> 0 | L9: =K9 -> 0

Sheet DA1
A2: Ngày tháng | B2: Tên gói thầu | C2: Hợp đồng | D2: Phụ lục HĐ | E2: Tạm ứng | F2: Giá trị giải ngân | J2: Tạm ứng chưa thu hồi | K2: Tổng GT giải ngân | L2: Quyết toán năm 2026
F3: TT KLHT | G3: Thu ứng | H3: NSNN | I3: Ngoại hối | L3: NSNN | M3: NH
B4: Tổng cộng: | C4: =SUM(C5:C7) -> 1000000000 | D4: =SUM(D5:D7) -> 1100000000 | E4: =SUM(E5:E16) -> 500000000 | F4: =SUM(F5:F16) -> 1100000000 | G4: =SUM(G5:G16) -> 500000000 | H4: =SUM(H5:H16) -> 1100000000 | I4: =SUM(I5:I16) -> 0 | J4: =E4-G4 -> 0 | K4: =SUM(K5:K16) -> 1100000000 | L4: =SUM(L5:L16) -> 1100000000 | M4: =SUM(M5:M16) -> 0
A5: 46023 | B5: Hợp đồng số 01/2026 ngày 01/01/2026 | C5: 1000000000 | D5: 1100000000
A6: 46027 | E6: 500000000 | H6: =E6 -> 500000000 | K6: =H6 -> 500000000 | L6: =K6 -> 500000000
A7: 46052 | F7: 300000000 | G7: 150000000 | H7: =F7-G7 -> 150000000 | K7: =H7 -> 150000000 | L7: =K7 -> 150000000
A8: 46081 | F8: 300000000 | G8: 150000000 | H8: =F8-G8 -> 150000000 | K8: =H8 -> 150000000 | L8: =K8 -> 150000000
A9: 46112 | F9: 300000000 | G9: 200000000 | H9: =F9-G9 -> 100000000 | K9: =H9 -> 100000000 | L9: =K9 -> 100000000
A10: 46142 | F10: 200000000 | H10: =F10 -> 200000000 | K10: 200000000 | L10: 200000000

Sheet DA2
A2: Ngày tháng | B2: Tên gói thầu | C2: Hợp đồng | D2: Phụ lục HĐ | E2: Tạm ứng | F2: Giá trị giải ngân | J2: Tạm ứng chưa thu hồi | K2: Tổng GT giải ngân | L2: Quyết toán năm 2026
F3: TT KLHT | G3: Thu ứng | H3: NSNN | I3: Ngoại hối | L3: NSNN | M3: NH
B4: Tổng cộng: | C4: =SUM(C5:C7) -> 1000000000 | D4: =SUM(D5:D7) -> 1100000000 | E4: =SUM(E5:E16) -> 500000000 | F4: =SUM(F5:F16) -> 1100000000 | G4: =SUM(G5:G16) -> 500000000 | H4: =SUM(H5:H16) -> 1100000000 | I4: =SUM(I5:I16) -> 0 | J4: =E4-G4 -> 0 | K4: =SUM(K5:K16) -> 1100000000 | L4: =SUM(L5:L16) -> 900000000 | M4: =SUM(M5:M16) -> 0
A5: 46023 | B5: Hợp đồng số 01/2026 ngày 01/01/2026 | C5: 1000000000 | D5: 1100000000
A6: 46027 | E6: 500000000 | H6: =E6 -> 500000000 | K6: =H6 -> 500000000 | L6: =K6 -> 500000000
A7: 46052 | F7: 300000000 | G7: 150000000 | H7: =F7-G7 -> 150000000 | K7: =H7 -> 150000000 | L7: =K7 -> 150000000
A8: 46081 | F8: 300000000 | G8: 150000000 | H8: =F8-G8 -> 150000000 | K8: =H8 -> 150000000 | L8: =K8 -> 150000000
A9: 46112 | F9: 300000000 | G9: 200000000 | H9: =F9-G9 -> 100000000 | K9: =H9 -> 100000000 | L9: =K9 -> 100000000
A10: 46142 | F10: 200000000 | H10: =F10 -> 200000000 | K10: 200000000

Sheet DA3
A2: Ngày tháng | B2: Tên gói thầu | C2: Hợp đồng | D2: Phụ lục HĐ | E2: Tạm ứng | F2: Giá trị giải ngân | J2: Tạm ứng chưa thu hồi | K2: Tổng GT giải ngân | L2: Quyết toán năm 2026
F3: TT KLHT | G3: Thu ứng | H3: NSNN | I3: Ngoại hối | L3: NSNN | M3: NH
B4: Tổng cộng: | C4: =SUM(C5:C7) -> 1000000000 | D4: =SUM(D5:D7) -> 1100000000 | E4: =SUM(E5:E16) -> 500000000 | F4: =SUM(F5:F16) -> 1100000000 | G4: =SUM(G5:G16) -> 500000000 | H4: =SUM(H5:H16) -> 1100000000 | I4: =SUM(I5:I16) -> 0 | J4: =E4-G4 -> 0 | K4: =SUM(K5:K16) -> 1100000000 | L4: =SUM(L5:L16) -> 900000000 | M4: =SUM(M5:M16) -> 0
A5: 46023 | B5: Hợp đồng số 01/2026 ngày 01/01/2026 | C5: 1000000000 | D5: 1100000000
A6: 46027 | E6: 500000000 | H6: =E6 -> 500000000 | K6: =H6 -> 500000000 | L6: =K6 -> 500000000
A7: 46052 | F7: 300000000 | G7: 150000000 | H7: =F7-G7 -> 150000000 | K7: =H7 -> 150000000 | L7: =K7 -> 150000000
A8: 46081 | F8: 300000000 | G8: 150000000 | H8: =F8-G8 -> 150000000 | K8: =H8 -> 150000000 | L8: =K8 -> 150000000
A9: 46112 | F9: 300000000 | G9: 200000000 | H9: =F9-G9 -> 100000000 | K9: =H9 -> 100000000 | L9: =K9 -> 100000000
A10: 46142 | F10: 200000000 | H10: =F10 -> 200000000 | K10: 200000000

Sheet DA4
A2: Ngày tháng | B2: Tên gói thầu | C2: Hợp đồng | D2: Phụ lục HĐ | E2: Tạm ứng | F2: Giá trị giải ngân | J2: Tạm ứng chưa thu hồi | K2: Tổng GT giải ngân | L2: Quyết toán năm 2026
F3: TT KLHT | G3: Thu ứng | H3: NSNN | I3: Ngoại hối | L3: NSNN | M3: NH
B4: Tổng cộng: | C4: =SUM(C5:C7) -> 1000000000 | D4: =SUM(D5:D7) -> 1100000000 | E4: =SUM(E5:E16) -> 500000000 | F4: =SUM(F5:F16) -> 1100000000 | G4: =SUM(G5:G16) -> 500000000 | H4: =SUM(H5:H16) -> 1100000000 | I4: =SUM(I5:I16) -> 0 | J4: =E4-G4 -> 0 | K4: =SUM(K5:K16) -> 1100000000 | L4: =SUM(L5:L16) -> 900000000 | M4: =SUM(M5:M16) -> 0
A5: 46023 | B5: Hợp đồng số 01/2026 ngày 01/01/2026 | C5: 1000000000 | D5: 1100000000
A6: 46027 | E6: 500000000 | H6: =E6 -> 500000000 | K6: =H6 -> 500000000 | L6: =K6 -> 500000000
A7: 46052 | F7: 300000000 | G7: 150000000 | H7: =F7-G7 -> 150000000 | K7: =H7 -> 150000000 | L7: =K7 -> 150000000
A8: 46081 | F8: 300000000 | G8: 150000000 | H8: =F8-G8 -> 150000000 | K8: =H8 -> 150000000 | L8: =K8 -> 150000000
A9: 46112 | F9: 300000000 | G9: 200000000 | H9: =F9-G9 -> 100000000 | K9: =H9 -> 100000000 | L9: =K9 -> 100000000
A10: 46142 | F10: 200000000 | H10: =F10 -> 200000000 | K10: 200000000

Sheet DA5
A2: Ngày tháng | B2: Tên gói thầu | C2: Hợp đồng | D2: Phụ lục HĐ | E2: Tạm ứng | F2: Giá trị giải ngân | J2: Tạm ứng chưa thu hồi | K2: Tổng GT giải ngân | L2: Quyết toán năm 2026
F3: TT KLHT | G3: Thu ứng | H3: NSNN | I3: Ngoại hối | L3: NSNN | M3: NH
B4: Tổng cộng: | C4: =SUM(C5:C7) -> 1000000000 | D4: =SUM(D5:D7) -> 1100000000 | E4: =SUM(E5:E16) -> 500000000 | F4: =SUM(F5:F16) -> 1100000000 | G4: =SUM(G5:G16) -> 500000000 | H4: =SUM(H5:H16) -> 1100000000 | I4: =SUM(I5:I16) -> 0 | J4: =E4-G4 -> 0 | K4: =SUM(K5:K16) -> 1100000000 | L4: =SUM(L5:L16) -> 900000000 | M4: =SUM(M5:M16) -> 0
A5: 46023 | B5: Hợp đồng số 01/2026 ngày 01/01/2026 | C5: 1000000000 | D5: 1100000000
A6: 46027 | E6: 500000000 | H6: =E6 -> 500000000 | K6: =H6 -> 500000000 | L6: =K6 -> 500000000
A7: 46052 | F7: 300000000 | G7: 150000000 | H7: =F7-G7 -> 150000000 | K7: =H7 -> 150000000 | L7: =K7 -> 150000000
A8: 46081 | F8: 300000000 | G8: 150000000 | H8: =F8-G8 -> 150000000 | K8: =H8 -> 150000000 | L8: =K8 -> 150000000
A9: 46112 | F9: 300000000 | G9: 200000000 | H9: =F9-G9 -> 100000000 | K9: =H9 -> 100000000 | L9: =K9 -> 100000000
A10: 46142 | F10: 200000000 | H10: =F10 -> 200000000 | K10: 200000000

Sheet Thông tri
A1: QUÂN CHỦNG HẢI QUÂN | E1: CỘNG HOÀ XÃ HỘI CHỦ NGHĨA VIỆT NAM
A2: BỘ THAM MƯU | E2: Độc lập - Tự do - Hạnh phúc
A3: Số: /TM-TCh | E3: Hải Phòng, ngày tháng 3 năm 2026
D5: THÔNG TRI
D6: Tạm ưng
A9: 1 | B9: DA1 | E9: ='DA1'!E6 -> 500000000

Sheet Sheet9
C4: Dự án
C5: QĐ phê duyệt DA
C6: Tờ trình phê duyệt KHLCNT
C7: Quyết định phê duyệt KHLCNT
C8: Hợp đồng
