Workbook

Sheet KH vốn
A1: KẾ HOẠCH VỐN ĐẦU TƯ CHO CÁC DỰ ÁN THUỘC DỰ ÁN
A2: (Kèm theo QĐ số 93/QĐ-TTg ngày 3/11/2023 của Thủ tướng Chính phủ)
A3: Tỷ giá quy đổi: 1 USD = 23.610 VNĐ
A4: TT | B4: Nội dung | C4: Tiến độ | D4: Tổng mức đầu tư USD | G4: Tổng mức đầu tư VNĐ | J4: Năm 2023 | P4: Năm 2024 | V4: Năm 2025 | AB4: Năm 2026 | AH4: Năm 2027 | AN4: Chi phí QLDA được phê duyệt theo các QĐ của BQP
D5: Quỹ dự trữ ngoại hối | E5: Dự phòng NSNN | F5: Tổng cộng | G5: Quỹ dự trữ ngoại hối | H5: Dự phòng NSNN | I5: Tổng cộng | J5: Tổng mức đầu tư ( triệu USD) | M5: Tổng mức đầu tư (Tỷ VNĐ) | P5: Tổng mức đầu tư ( triệu USD) | S5: Tổng mức đầu tư (Tỷ VNĐ) | V5: Tổng mức đầu tư ( triệu USD) | Y5: Tổng mức đầu tư (Tỷ VNĐ) | AB5: Tổng mức đầu tư ( triệu USD) | AE5: Tổng mức đầu tư (Tỷ VNĐ) | AH5: Tổng mức đầu tư ( triệu USD) | AK5: Tổng mức đầu tư (Tỷ VNĐ)
J6: Quỹ dự trữ ngoại hối | K6: Dự phòng NSNN | L6: Tổng cộng | M6: Quỹ dự trữ ngoại hối | N6: Dự phòng NSNN | O6: Tổng cộng | P6: Quỹ dự trữ ngoại hối | Q6: Dự phòng NSNN | R6: Tổng cộng | S6: Quỹ dự trữ ngoại hối | T6: Dự phòng NSNN | U6: Tổng cộng | V6: Quỹ dự trữ ngoại hối | W6: Dự phòng NSNN | X6: Tổng cộng | Y6: Quỹ dự trữ ngoại hối | Z6: Dự phòng NSNN | AA6: Tổng cộng | AB6: Quỹ dự trữ ngoại hối | AC6: Dự phòng NSNN | AD6: Tổng cộng | AE6: Quỹ dự trữ ngoại hối | AF6: Dự phòng NSNN | AG6: Tổng cộng | AH6: Quỹ dự trữ ngoại hối | AI6: Dự phòng NSNN | AJ6: Tổng cộng | AK6: Quỹ dự trữ ngoại hối | AL6: Dự phòng NSNN | AM6: Tổng cộng
B7: TỔNG CỘNG
A8: I | B8: DỰ án A

Sheet Vốn
A1: TỔNG HỢP TỔNG MỨC ĐẦU TƯ VÀ THANH TOÁN VỐN ĐẦU TƯ KTS-23
A3: TT | B3: NỘI DUNG | C3: Đơn vị thi công phân xây dựng | D3: Tổng mức đầu tư (tỷ đồng) | E3: Năm 2023 (Tỷ đồng) | F3: Năm 2024 (Tỷ đồng) | G3: Năm 2025 (Tỷ đồng) | H3: Năm 2026 (Tỷ đồng) | I3: Năm 2027 (Tỷ đồng) | J3: Giá trị HĐXL đã ký | K3: Số đã cấp ứng, thanh toán cho đơn vị thi công (đồng)
A5: 1 | B5: Cty 1
A6: 2 | B6: Cty 2
L7: Vượt nguồn dự phòng NSNN
L8: Vượt nguồn dự phòng NSNN
B20: Tổng cộng số tiền đã thanh toán cho nhà thầu | J20: =SUM(J5:J19) -> 0 | K20: =SUM(K5:K19) -> 0
H21: Cấp năm 2023
H22: Cấp năm 2024
H23: VNĐ
H24: Tỷ giá:
H25: Tổng số được cấp
H26: Tồn

Sheet QĐ
A1: Tổng hợp các QĐ phê duyệt dự án …......
A2: ĐVT: Đồng
A4: Số TT | B4: Tên Dự án | C4: Quyết định phê duyệt | D4: Trong đó | I4: Tổng mức đầu tư | J4: Nguồn vốn | L4: Quy đổi
D5: Chi phí XD | E5: Chi phí QLDA | F5: CP Tư vấn đầu tư XD | G5: Chi phí khác | H5: CP Dự phòng | J5: Dự phòng NSNN | K5: Quỹ dự trữ ngoại hối
A6: 1 | B6: Vị trí 1
B7: Vị tí 2
B8: …..
B9: ….
B10: Vị trí 10
B15: Tổng cộng | D15: =SUM(D6:D14) -> 0 | E15: =SUM(E6:E14) -> 0 | F15: =SUM(F6:F14) -> 0 | G15: =SUM(G6:G14) -> 0 | H15: =SUM(H6:H14) -> 0 | I15: =SUM(I6:I14) -> 0 | J15: =SUM(J6:J14) -> 0 | K15: =SUM(K6:K14) -> 0

Sheet Tổng hợp
A1: Phụ lục số
A2: NGUỒN KINH PHÍ ĐÂU TƯ XD
A6: Số TT | B6: Tên dự án | C6: Đơn vị thi công xây lắp | D6: Giá trị HĐ, PLHĐ Xây lắp | E6: Tạm ứng | F6: Thanh toán khối lượng hoàn thành | I6: Tạm ứng chưa thu hồi | J6: Giải ngân từ Dự phòng NSNN | K6: Giải ngân từ Quỹ dự trữ ngoại hối | L6: Tổng giá trị đã giải ngân | M6: Quyết toán năm 2026 | O6: Quyết toán năm 2027
F7: TT Khối lượng hoàn thành | G7: Thu hồi tạm ứng | H7: TT tiền cho nhà thầu | M7: NSNN | N7: DTNH | O7: NSNN | P7: DTNH
A8: I | B8: Dự án 1 | E8: =SUM(E9:E16) -> 20000000 | F8: =SUM(F9:F16) -> 200000000 | G8: =SUM(G9:G16) -> 5000000 | H8: =SUM(H9:H16) -> 215000000 | I8: =SUM(I9:I16) -> 15000000 | J8: =SUM(J9:J16) -> 205000000 | K8: ='Vị trí 1'!L7 -> 10000000 | L8: =SUM(L9:L16) -> 215000000 | M8: =SUM(M9:M15) -> 0 | N8: =SUM(N9:N16) -> 0 | O8: =SUM(O9:O15) -> 0 | P8: =SUM(P9:P15) -> 0 | Q8: 5753409556553 | R8: =SUM(R9:R16) -> #REF! | S8: =SUM(S9:S16) -> 4182594680 | T8: =SUM(T9:T16) -> 0 | U8: =SUM(U9:U16) -> #REF! | V8: =SUM(V9:V41) -> 108162391265
A9: 1 | B9: Vị trí 1 | C9: Cty A | D9: ='Vị trí 1'!E9 -> 50000000000 | E9: ='Vị trí 1'!H7 -> 20000000 | F9: ='Vị trí 1'!I7 -> 200000000 | G9: ='Vị trí 1'!J7 -> 5000000 | H9: ='Vị trí 1'!N7 -> 215000000 | I9: ='Vị trí 1'!M7 -> 15000000 | J9: ='Vị trí 1'!K7 -> 205000000 | K9: ='Vị trí 1'!L7 -> 10000000 | L9: ='Vị trí 1'!N7 -> 215000000 | R9: =#REF! -> #REF! | S9: 3838896000 | U9: =R9+S9 -> #REF! | V9: 69129000
A10: 2 | B10: Vị tí 2 | Q10: =M9 -> 0 | U10: =R10+S10 -> 0 | V10: 168044600
R11: =#REF! -> #REF! | S11: =199598680+144100000 -> 343698680 | U11: =R11+S11 -> #REF! | V11: 6158867000
R12: ='Vị trí 1'!Q7 -> 0 | U12: =R12+S12 -> 0 | V12: 2021611680
R13: =#REF! -> #REF! | U13: =R13+S13 -> #REF! | V13: 1243796389
Q14: =M14 -> 0 | R14: =#REF! -> #REF! | U14: =R14+S14 -> #REF! | V14: 2004328437
U15: =R15+S15 -> 0 | V15: 2169904280
R16: =#REF! -> #REF! | U16: =R16+S16 -> #REF! | V16: 169690000
R17: =#REF! -> #REF! | S17: 8742600000 | U17: =R17+S17 -> #REF! | V17: 950000000
R18: ='[1]Tổng hợp'!$U$32 -> 48785000000 | U18: =R18+S18 -> 48785000000 | V18: 2015894800
U19: =R19+S19 -> 0 | V19: 31839000000
B20: Tổng cộng | D20: =SUM(D9:D15) -> 50000000000 | E20: =E8+E17+E18+E19 -> 20000000 | F20: =F8+F17+F18+F19 -> 200000000 | G20: =G8+G17+G18+G19 -> 5000000 | H20: =H8+H17+H18+H19 -> 215000000 | I20: =I8+I17+I18+I19 -> 15000000 | J20: =J8+J17+J18+J19 -> 205000000 | K20: =K8+K17+K18+K19 -> 10000000 | L20: =L8+L17+L18+L19 -> 215000000 | ... P20: =P8+P17+P18+P19 -> 0 | R20: =R8+R17+R18+R19 -> #REF! | S20: =S8+S17+S18+S19 -> 12925194680 | U20: =R20+S20 -> #REF! | V20: 950000000
Q21: KTS25 | R21: ='[2]Tổng hợp'!$N$16 -> 630647047258 | U21: =R21 -> 630647047258 | V21: 1123159600
R22: =SUM(R20:R21) -> #REF! | U22: =SUM(U20:U21) -> #REF! | V22: 50660106291
R23: 1420213290655 | S23: =R23+S20 -> 1433138485335 | V23: 950000000
S24: =R22-S23 -> #REF! | V24: 2649842800
V25: 3019016388

Sheet Vị trí 1
A1: SỔ THEO DÕI ỨNG, THANH TOÁN TIỀN
A2: Dự án:
A3: Nguồn vốn: Quỹ dự trữ ngoại hối và Dự phòng NSNN (theo QĐ 9….................của Thủ Tướng CP)
A4: .
A5: TT | B5: Nội dung | C5: Đơn vị Thi công (Nhà thầu) | D5: Tài khoản ngân hàng | E5: Giá trị HĐ | F5: Phụ lục HĐ 01/PLHĐ ngày 25/12/2023 | G5: Số chứng từ | H5: Tạm ứng | I5: Thanh toán | M5: Tạm ứng chưa thu hồi | N5: Tổng giá trị đã giải ngân | O5: Quyết toán năm 2026 | Q5: Quyết toán năm 2027
I6: Khối lượng hoàn thành | J6: Thu hồi tạm ứng | K6: Giải ngân từ dự phòng NSNN | L6: Giải ngân từ Quỹ dự trữ ngoại hối | O6: DPNSNN | P6: Quỹ DTNH | Q6: DPNSNN | R6: Quỹ DTNH
A7: TỔNG CỘNG | H7: =H8+H14+H16 -> 20000000 | I7: =I8+I14+I16 -> 200000000 | J7: =J8+J14+J16 -> 5000000 | K7: =K8+K14+K16 -> 205000000 | L7: =L8+L14+L16 -> 10000000 | M7: =M8+M14+M16 -> 15000000 | N7: =N8+N14+N16 -> 215000000 | O7: =O8+O14+O16 -> 205000000 | ... R7: =R8+R14+R16 -> 0
A8: I | B8: CHI PHÍ XÂY DỰNG | E8: =SUM(E10:E13) -> 0 | F8: =F10 -> 0 | H8: =SUM(H10:H13) -> 20000000 | I8: =SUM(I10:I13) -> 200000000 | J8: =SUM(J10:J13) -> 5000000 | K8: =SUM(K10:K13) -> 205000000 | L8: =SUM(L10:L13) -> 10000000 | M8: =H8-J8 -> 15000000 | N8: =H8+I8-J8 -> 215000000 | O8: =SUM(O10:O13) -> 205000000 | P8: =SUM(P10:P13) -> 10000000 | Q8: =SUM(Q10:Q13) -> 0 | R8: =SUM(R10:R13) -> 0
B9: Cty A | C9: Cty XL A | D9: 123456789 | E9: 50000000000
A10: 28/11/23 | B10: Tạm ứng lần 1 theo HĐ số….. | H10: 10000000 | K10: =H10 -> 10000000 | N10: =K10 -> 10000000 | O10: =N10 -> 10000000 | P10: =L10 -> 0
A11: 14/5/24 | B11: Thanh toán KLHT, thu hồi tạm ứng theo HĐ số… | I11: 200000000 | J11: 5000000 | K11: =I11-J11 -> 195000000 | N11: =K11 -> 195000000 | O11: =N11 -> 195000000
A12: 24/6 | B12: Tạm ứng lần 2 theo HĐ số….. | H12: 10000000 | L12: 10000000 | N12: =L12 -> 10000000 | P12: =L12 -> 10000000
A13: 45330
A14: II | B14: CP TƯ VẤN ĐTXD | E14: =SUM(E15:E15) -> 0 | H14: =SUM(H15:H15) -> 0 | I14: =SUM(I15:I15) -> 0 | J14: =SUM(J15:J15) -> 0 | K14: =SUM(K15:K15) -> 0 | L14: =SUM(L15:L15) -> 0 | M14: =H14-J14 -> 0 | N14: =H14+I14-J14 -> 0 | O14: =SUM(O15:O15) -> 0 | P14: =SUM(P15:P15) -> 0 | Q14: =SUM(Q15:Q15) -> 0 | R14: =SUM(R15:R15) -> 0
A16: III | B16: Khác | E16: =SUM(E17:E19) -> 0 | H16: =SUM(H17:H19) -> 0 | I16: =SUM(I17:I19) -> 0 | J16: =SUM(J17:J19) -> 0 | K16: =SUM(K17:K19) -> 0 | L16: =SUM(L17:L19) -> 0 | M16: =H16-J16 -> 0 | N16: =H16+I16-J16 -> 0 | O16: =SUM(O17:O19) -> 0 | P16: =SUM(P17:P19) -> 0
A17: 15/2/24
A18: 31/12/24
A19: 15/2/24

Sheet Thông tri
A1: Đơn vị cấp trên | G1: Mẫu số CQ06-HD
A2: Đơn vị cơ sở | G2: Số:……..…....……
A3: Số ............. | G3: Ghi sổ ngày tháng năm 2026
A4: THÔNG TRI
A5: Thu hồi tạm ứng
A6: Kinh phí: NSNN
A8: Đơn vị: | C8: …....... | G8: TK……………….………...…Đơn vị………..Số CT……..
A9: Về tháng năm 2026 | G9: TK………………………....…Đơn vị………..Số CT…….
A10: Tên CTMT, DA..................................................................... Mã số: ............................
G11: Đơn vị tính: Đồng
A12: Loại ngân sách | B12: Mục lục ngân sách | G12: NỘI DUNG | H12: SỐ TIỀN
B13: Khoản | C13: Mục | D13: Tiểu mục | E13: Tiết mục | F13: Ngành
A14: A | B14: B | C14: C | D14: D | E14: E | F14: F | G14: G | H14: 1
A15: 10 | B15: 11 | C15: 9300 | D15: 9301 | E15: 0 | F15: 0 | G15: Dự án….. | H15: =H16+H18 -> 10000000
G16: Vị trí 1 | H16: =H17 -> 10000000
G17: ='Vị trí 1'!B10 -> Tạm ứng lần 1 theo HĐ số….. | H17: ='Vị trí 1'!H10 -> 10000000
G18: Vị trí 2 | H18: =H19 -> 0
G19: Thanh toán KLHT, thu hồi tạm ứng theo HĐ số…. Cty a
G24: Cộng | H24: =H15 -> 10000000
A25: Bằng chữ: | C25: =[3]!VND('Thông tri'!$H$24,"Uni",TRUE,TRUE,FALSE) -> Mười triệu đồng.

Sheet KS chi
A1: PHẦN GHI CỦA CƠ QUAN KIỂM SOÁT, THANH TOÁN
A3: Ngày nhận giấy đề nghị thanh toán vốn đầu tư: | D3: Ngày tháng năm 2026
A4: Đơn vị….. | C4: Tạm ứng | D4: TTKLHT | E4: theo nội dung sau:
E5: Đơn vị tính: đồng
A6: Nội dung | C6: Tổng số | D6: Vốn trong nước | E6: Vốn nước ngoài
A7: Số vốn chấp nhận | C7: ='Vị trí 1'!H10 -> 10000000 | D7: =C7 -> 10000000
A8: + Mục ........, tiểu mục ........
A9: + Mục ........, tiểu mục ........
A10: + Mục ........, tiểu mục ........
A11: + Mục ........, tiểu mục ........
A12: Trong đó:
A13: + Số thu hồi tạm ứng | C13: ='Vị trí 1'!J10 -> 0 | D13: =C13 -> 0
A14: Các năm trước
A15: Năm nay
A16: + Thuế giá trị gia tăng
A17: + Số trả đơn vị thụ hưởng | C17: =C7-C13 -> 10000000 | D17: =C17 -> 10000000
A18: =[3]!VND('KS chi'!$D$17,"Uni",TRUE,TRUE,FALSE) -> Mười triệu đồng.
A19: Số từ chối: | C19: 0 | D19: đồng
A20: Lý do từ chối:
A22: Ghi chú: | B22: ='Thông tri'!G17 -> Tạm ứng lần 1 theo HĐ số…..

Sheet GĐNTT
A1: Đơn vị cấp trên | D1: CỘNG HOÀ XÃ HỘI CHỦ NGHĨA VIỆT NAM
A2: Đơn vị cấp cơ sở | D2: Độc lập - Tự do - Hạnh phúc
A3: Số: | D3: Hải phòng, ngày tháng năm 2026
A4: GIẤY ĐỀ NGHỊ THANH TOÁN VỐN ĐẦU TƯ
A6: Kính gửi: Tự nhập liệu
A8: - Tên dự án công trình: | C8: ( Có thể gõ tự ra nội dung hoặc tự nhập liệu)
A9: - Chủ đầu tư/Ban QLDA: Nhập liệu
A10: - Căn cứ Quyết định số (nằm trong nội dung Quyết định);
A11: - Căn cứ Hợp đồng số: (tự nhập liệu)
A12: - Căn cứ giấy đề nghị thanh toán vốn đầu tư số (tự nhập liệu)
A13: - Số dư tạm ứng của hạng mục đề nghị thanh toán: | H13: ( có thể gõ ra số liệu hoặc Tự nhập liệu) | M13: Số dư tạm ứng chính là tạm ứng chưa thu hồi
A14: - Số tiền đề nghị: | C14: Tạm ứng | D14: TTKLHT | E14: đến kỳ này:
A15: - Thuộc nguồn vốn: | C15: Quỹ dự trữ ngoại hối
A16: - Thuộc kế hoạch:
A17: NỘI DUNG | D17: Dự toán duyệt hoặc giá trị trúng thầu hoặc giá trị HĐ | F17: Lũy kế số vốn đã T/Toán từ K/công đến cuối kỳ trước (Gồm cả tạm ứng) | H17: Số đề nghị tạm ứng, thanh toán KLHT kỳ này (Gồm cả tạm ứng)
A18: ='Vị trí 1'!B12 -> Tạm ứng lần 2 theo HĐ số….. | B18: Thanh toán thi công các hạng mục CTCĐ tại đảo NY. Dự án Nạo vét, cải tạo lòng hồ, luồng dẫn tàu, tạo mặt bằng các đảo thuộc Khu KTQP Trường Sa | C18: Thanh toán thi công các hạng mục CTCĐ tại đảo NY. Dự án Nạo vét, cải tạo lòng hồ, luồng dẫn tàu, tạo mặt bằng các đảo thuộc Khu KTQP Trường Sa | D18: ='Vị trí 1'!E9 -> 50000000000 | F18: ='Vị trí 1'!I7 -> 200000000 | H18: ='Vị trí 1'!I11 -> 200000000
A19: CỘNG | D19: =D18 -> 50000000000 | F19: =F18 -> 200000000 | I19: =H18 -> 200000000
A20: - Tổng số tiền đề nghị tạm ứng, thanh toán bằng số: | I20: =I19 -> 200000000
A21: - Bằng chữ: | B21: =[3]!VND(GĐNTT!$I$20,"Uni",TRUE,TRUE,FALSE) -> Hai trăm triệu đồng.
A22: Trong đó:
B23: - Thanh toán để thu hồi tạm ứng:
B24: - Chuyển tiền bảo hành:
B25: - Chuyển tiền tạm giữ chờ quyết toán:
B26: - Số trả nhà thầu: | I26: =I20 -> 200000000
A27: - Tên đơn vị thụ hưởng: | C27: ='Vị trí 1'!C9 -> Cty XL A
A28: - Tài khoản: | D28: ='Vị trí 1'!D9
A29: - Tại: | B29: Ngân hàng A ( Tự nhập)
A30: Trưởng phòng Tài chính | E30: Chủ đầu tư

Sheet Quyết toán năm
